<?xml version="1.0" encoding="utf-8"?>
<!DOCTYPE article PUBLIC "-//NLM//DTD JATS (Z39.96) Journal Archiving
and Interchange DTD v1.2 20190208//EN" "JATS-archivearticle1.dtd">
<article xmlns:mml="http://www.w3.org/1998/Math/MathML" xmlns:xlink="http://www.w3.org/1999/xlink" dtd-version="1.2" article-type="other">
  <front>
    <journal-meta>
      <journal-id/>
      <journal-title-group>
        <journal-title>Cardiac Surgery Trials</journal-title>
      </journal-title-group>
      <issn/>
      <publisher>
        <publisher-name/>
      </publisher>
    </journal-meta>
    <article-meta>
      <title-group>
        <article-title>Clinical Trial On Pleural Cavity Opening During Median
Sternotomy</article-title>
      </title-group>
      <contrib-group>
        <contrib contrib-type="author" corresp="yes">
          <contrib-id contrib-id-type="orcid">0000-0001-6005-472X</contrib-id>
          <name>
            <surname>Rafik Margaryan</surname>
            <given-names>PhD</given-names>
          </name>
          <string-name>Rafik Margaryan, MD, PhD</string-name>
          <email>margaryan@ftgm.it</email>
          <role vocab="https://credit.niso.org" vocab-term="investigation" vocab-term-identifier="https://credit.niso.org/contributor-roles/investigation/">Investigation</role>
          <role vocab="https://credit.niso.org" vocab-term="project administration" vocab-term-identifier="https://credit.niso.org/contributor-roles/project-administration/">Project
administration</role>
          <role vocab="https://credit.niso.org" vocab-term="software" vocab-term-identifier="https://credit.niso.org/contributor-roles/software/">Software</role>
          <role vocab="https://credit.niso.org" vocab-term="visualization" vocab-term-identifier="https://credit.niso.org/contributor-roles/visualization/">Visualization</role>
          <xref ref-type="aff" rid="aff-1">a</xref>
          <xref ref-type="corresp" rid="cor-1">*</xref>
        </contrib>
        <contrib contrib-type="author">
          <contrib-id contrib-id-type="orcid">0000-0003-4240-0099</contrib-id>
          <name>
            <surname>Giacomo Bianchi</surname>
            <given-names>PhD</given-names>
          </name>
          <string-name>Giacomo Bianchi, MD, PhD</string-name>
          <xref ref-type="aff" rid="aff-2">b</xref>
        </contrib>
      </contrib-group>
      <aff id="aff-1">
        <institution-wrap>
          <institution>Pentagon</institution>
        </institution-wrap>
      </aff>
      <aff id="aff-2">
        <institution-wrap>
          <institution>Curvenote</institution>
        </institution-wrap>
      </aff>
      <author-notes>
        <corresp id="cor-1">margaryan@ftgm.it</corresp>
      </author-notes>
      <pub-date date-type="pub" publication-format="electronic" iso-8601-date="2025-04-13">
        <year>2025</year>
        <month>4</month>
        <day>13</day>
      </pub-date>
      <history/>
      <abstract>
        <p>Clinicsl Trials are the backbone of the modern medicine. They are the
only way to test securly a hypothesis and to put out an evidence based
medicine. In this paper we will discuss the first and second stage of a
clinical trial on how to make sternotomy without opening plerual
cavities.</p>
      </abstract>
      <kwd-group kwd-group-type="author">
        <kwd>Clinical Trial</kwd>
        <kwd>Cardiac Surgery</kwd>
      </kwd-group>
    </article-meta>
  </front>
  <body>
    <sec id="introduction">
      <title>1 Introduction</title>
      <p>The median sternotomy is a common surgical approach used in cardiac
  surgery. It provides access to the heart and great vessels, allowing
  for various procedures such as coronary artery bypass grafting (CABG),
  valve repair or replacement, and aortic surgery. However, one of the
  potential complications of median sternotomy is the opening of the
  pleural cavities, which can lead to postoperative complications such
  as pneumothorax, hemothorax, and respiratory distress.</p>
    </sec>
    <sec id="sec-data-methods">
      <title>2 Data &amp; Methods</title>
      <p>Patients were randomly assigned to two groups: the experimental
  group, which underwent median sternotomy with lungs down 10 second and
  two thorax compression, and the control group without this maneuver.
  The primary outcome was the incidence of pleural cavity opening given
  two operators, hospital mortality. Secondary outcomes included length
  of hospital stay and postoperative pain from drenages. The data was
  collected from a single center and included demographic information,
  surgical details, and postoperative outcomes. The data was analyzed
  using statistical software to compare the outcomes between the two
  groups. ## Conclusion</p>
    </sec>
    <sec id="figures">
      <title>3 Figures</title>
      <fig id="fig-bmi-first-stage">
        <caption>
          <p>Figure 1</p>
        </caption>
        <graphic id="fig-bmi-first-stage" mimetype="image" mime-subtype="png" xlink:href="index_files/figure-jats/notebooks-clinical_trial_first_stage-fig-bmi-first-stage-output-1.png"/>
      </fig>
      <fig id="fig-bmi-second-stage">
        <caption>
          <p>Figure 2</p>
        </caption>
        <graphic id="fig-bmi-second-stage" mimetype="image" mime-subtype="png" xlink:href="index_files/figure-jats/notebooks-clinical_trial_second_stage-fig-bmi-second-stage-output-1.png"/>
      </fig>
    </sec>
    <sec id="tables">
      <title>4 Tables</title>
      <fig id="tbl-demo-stage1">
        <caption>
          <p>Table 1: Demographics of the first stage</p>
        </caption>
        <table-wrap>
          <table>
            <colgroup>
              <col width="49%"/>
              <col width="49%"/>
            </colgroup>
            <thead>
              <tr>
                <th align="left">
                  <bold>Characteristic</bold>
                </th>
                <th align="left">
                  <bold>N =
            30</bold>
                  <named-content content-type="gt_footnote_marks">
                    <sup>1</sup>
                  </named-content>
                </th>
              </tr>
            </thead>
            <tbody>
              <tr>
                <td align="left">trt</td>
                <td align="left">
                  <break/>
                </td>
              </tr>
              <tr>
                <td align="left">    case</td>
                <td align="left">15 (50%)</td>
              </tr>
              <tr>
                <td align="left">    control</td>
                <td align="left">15 (50%)</td>
              </tr>
              <tr>
                <td align="left">outcome</td>
                <td align="left">
                  <break/>
                </td>
              </tr>
              <tr>
                <td align="left">    close</td>
                <td align="left">17 (57%)</td>
              </tr>
              <tr>
                <td align="left">    open</td>
                <td align="left">13 (43%)</td>
              </tr>
              <tr>
                <td align="left">bmi</td>
                <td align="left">32 (26, 36)</td>
              </tr>
              <tr>
                <td align="left">diabetis</td>
                <td align="left">12 (40%)</td>
              </tr>
              <tr>
                <td align="left"><named-content content-type="gt_footnote_marks"><sup>1</sup></named-content>
            n (%); Median (Q1, Q3)</td>
                <td align="left"/>
              </tr>
            </tbody>
          </table>
        </table-wrap>
      </fig>
      <fig id="tbl-demo-stage2">
        <caption>
          <p>Table 2: Demographics of the second stage
    stage</p>
        </caption>
        <table-wrap>
          <table>
            <colgroup>
              <col width="49%"/>
              <col width="49%"/>
            </colgroup>
            <thead>
              <tr>
                <th align="left">
                  <bold>Characteristic</bold>
                </th>
                <th align="left">
                  <bold>N =
            60</bold>
                  <named-content content-type="gt_footnote_marks">
                    <sup>1</sup>
                  </named-content>
                </th>
              </tr>
            </thead>
            <tbody>
              <tr>
                <td align="left">trt</td>
                <td align="left">
                  <break/>
                </td>
              </tr>
              <tr>
                <td align="left">    case</td>
                <td align="left">30 (50%)</td>
              </tr>
              <tr>
                <td align="left">    control</td>
                <td align="left">30 (50%)</td>
              </tr>
              <tr>
                <td align="left">outcome</td>
                <td align="left">
                  <break/>
                </td>
              </tr>
              <tr>
                <td align="left">    close</td>
                <td align="left">34 (57%)</td>
              </tr>
              <tr>
                <td align="left">    open</td>
                <td align="left">26 (43%)</td>
              </tr>
              <tr>
                <td align="left">bmi</td>
                <td align="left">32 (26, 36)</td>
              </tr>
              <tr>
                <td align="left">diabetis</td>
                <td align="left">24 (40%)</td>
              </tr>
              <tr>
                <td align="left"><named-content content-type="gt_footnote_marks"><sup>1</sup></named-content>
            n (%); Median (Q1, Q3)</td>
                <td align="left"/>
              </tr>
            </tbody>
          </table>
        </table-wrap>
      </fig>
    </sec>
    <sec id="acknowledgements">
      <title>5 Acknowledgements</title>
    </sec>
    <sec id="references">
      <title>References</title>
    </sec>
  </body>
  <back>
</back>
  <sub-article article-type="notebook" id="nb-2-nb-1">
    <front-stub>
      <title-group>
        <article-title>First Stage</article-title>
      </title-group>
    </front-stub>
    <body>
      <sec specific-use="notebook-content">
        <code language="r script">library(tidyverse)
</code>
        <boxed-text>
          <preformat>── Attaching core tidyverse packages ──────────────────────── tidyverse 2.0.0 ──
✔ dplyr     1.1.4     ✔ readr     2.1.5
✔ forcats   1.0.0     ✔ stringr   1.5.1
✔ ggplot2   3.5.1     ✔ tibble    3.2.1
✔ lubridate 1.9.4     ✔ tidyr     1.3.1
✔ purrr     1.0.4     
── Conflicts ────────────────────────────────────────── tidyverse_conflicts() ──
✖ dplyr::filter() masks stats::filter()
✖ dplyr::lag()    masks stats::lag()
ℹ Use the conflicted package (&lt;http://conflicted.r-lib.org/&gt;) to force all conflicts to become errors</preformat>
        </boxed-text>
        <code language="r script">library(googlesheets4)
library(gtsummary)
library(ggplot2)
library(ggstatsplot)
</code>
        <boxed-text>
          <preformat>You can cite this package as:
     Patil, I. (2021). Visualizations with statistical details: The 'ggstatsplot' approach.
     Journal of Open Source Software, 6(61), 3167, doi:10.21105/joss.03167</preformat>
        </boxed-text>
      </sec>
      <sec id="first-stage-report-nb-1">
        <title>First stage report</title>
        <sec specific-use="notebook-content">
          <code language="r script">load("../data/data.RData")
  </code>
        </sec>
        <sec specific-use="notebook-content">
          <code language="r script">first_stage_data_raw |&gt;
  select(trt, outcome, bmi, diabetis) |&gt;
  tbl_summary() 
  </code>
          <fig id="tbl-demo-stage1-nb-1">
            <caption>
              <p>Demographics of the first stage</p>
            </caption>
            <table-wrap>
              <table>
                <colgroup>
                  <col width="50%"/>
                  <col width="50%"/>
                </colgroup>
                <thead>
                  <tr>
                    <th id="label-nb-1" scope="col">
                      <bold>Characteristic</bold>
                    </th>
                    <th id="stat_0-nb-1" scope="col">
                      <bold>N =
            30</bold>
                      <named-content content-type="gt_footnote_marks">
                        <sup>1</sup>
                      </named-content>
                    </th>
                  </tr>
                </thead>
                <tfoot>
                  <tr>
                    <td colspan="2"><named-content content-type="gt_footnote_marks"><sup>1</sup></named-content>
            n (%); Median (Q1, Q3)</td>
                  </tr>
                </tfoot>
                <tbody>
                  <tr>
                    <td headers="label">trt</td>
                    <td headers="stat_0">
                      <break/>
                    </td>
                  </tr>
                  <tr>
                    <td headers="label">    case</td>
                    <td headers="stat_0">15 (50%)</td>
                  </tr>
                  <tr>
                    <td headers="label">    control</td>
                    <td headers="stat_0">15 (50%)</td>
                  </tr>
                  <tr>
                    <td headers="label">outcome</td>
                    <td headers="stat_0">
                      <break/>
                    </td>
                  </tr>
                  <tr>
                    <td headers="label">    close</td>
                    <td headers="stat_0">17 (57%)</td>
                  </tr>
                  <tr>
                    <td headers="label">    open</td>
                    <td headers="stat_0">13 (43%)</td>
                  </tr>
                  <tr>
                    <td headers="label">bmi</td>
                    <td headers="stat_0">32 (26, 36)</td>
                  </tr>
                  <tr>
                    <td headers="label">diabetis</td>
                    <td headers="stat_0">12 (40%)</td>
                  </tr>
                </tbody>
              </table>
            </table-wrap>
          </fig>
        </sec>
        <sec id="cell-fig-bmi-first-stage-nb-1" specific-use="notebook-content">
          <code language="r script">ggstatsplot::ggbetweenstats(
  data = first_stage_data_raw,
  x = trt,
  y = bmi,
  pairwise.display = "p-value",
  p.adjust.method = "bonferroni",
  var.equal = TRUE,
  title = "BMI by treatment group"
)
  </code>
          <fig id="fig-bmi-first-stage-nb-1">
            <graphic id="fig-bmi-first-stage-nb-1" mimetype="image" mime-subtype="png" xlink:href="clinical_trial_first_stage_files/figure-jats/fig-bmi-first-stage-1.png"/>
          </fig>
        </sec>
      </sec>
    </body>
    <back>
</back>
  </sub-article>
  <sub-article article-type="notebook" id="nb-4-nb-2">
    <front-stub>
      <title-group>
        <article-title>Second Stage</article-title>
      </title-group>
    </front-stub>
    <body>
      <sec specific-use="notebook-content">
        <code language="r script">library(tidyverse)
</code>
        <boxed-text>
          <preformat>── Attaching core tidyverse packages ──────────────────────── tidyverse 2.0.0 ──
✔ dplyr     1.1.4     ✔ readr     2.1.5
✔ forcats   1.0.0     ✔ stringr   1.5.1
✔ ggplot2   3.5.1     ✔ tibble    3.2.1
✔ lubridate 1.9.4     ✔ tidyr     1.3.1
✔ purrr     1.0.4     
── Conflicts ────────────────────────────────────────── tidyverse_conflicts() ──
✖ dplyr::filter() masks stats::filter()
✖ dplyr::lag()    masks stats::lag()
ℹ Use the conflicted package (&lt;http://conflicted.r-lib.org/&gt;) to force all conflicts to become errors</preformat>
        </boxed-text>
        <code language="r script">library(googlesheets4)
library(gtsummary)
</code>
      </sec>
      <sec id="first-stage-report-nb-2">
        <title>First stage report</title>
        <sec specific-use="notebook-content">
          <code language="r script">load("../data/data.RData")
  </code>
        </sec>
        <sec specific-use="notebook-content">
          <code language="r script">second_stage_data_raw |&gt;
  select(trt, outcome, bmi, diabetis) |&gt;
  tbl_summary() 
  </code>
          <fig id="tbl-demo-stage2-nb-2">
            <caption>
              <p>Demographics of the second stage stage</p>
            </caption>
            <table-wrap>
              <table>
                <colgroup>
                  <col width="50%"/>
                  <col width="50%"/>
                </colgroup>
                <thead>
                  <tr>
                    <th id="label-nb-2" scope="col">
                      <bold>Characteristic</bold>
                    </th>
                    <th id="stat_0-nb-2" scope="col">
                      <bold>N =
            60</bold>
                      <named-content content-type="gt_footnote_marks">
                        <sup>1</sup>
                      </named-content>
                    </th>
                  </tr>
                </thead>
                <tfoot>
                  <tr>
                    <td colspan="2"><named-content content-type="gt_footnote_marks"><sup>1</sup></named-content>
            n (%); Median (Q1, Q3)</td>
                  </tr>
                </tfoot>
                <tbody>
                  <tr>
                    <td headers="label">trt</td>
                    <td headers="stat_0">
                      <break/>
                    </td>
                  </tr>
                  <tr>
                    <td headers="label">    case</td>
                    <td headers="stat_0">30 (50%)</td>
                  </tr>
                  <tr>
                    <td headers="label">    control</td>
                    <td headers="stat_0">30 (50%)</td>
                  </tr>
                  <tr>
                    <td headers="label">outcome</td>
                    <td headers="stat_0">
                      <break/>
                    </td>
                  </tr>
                  <tr>
                    <td headers="label">    close</td>
                    <td headers="stat_0">34 (57%)</td>
                  </tr>
                  <tr>
                    <td headers="label">    open</td>
                    <td headers="stat_0">26 (43%)</td>
                  </tr>
                  <tr>
                    <td headers="label">bmi</td>
                    <td headers="stat_0">32 (26, 36)</td>
                  </tr>
                  <tr>
                    <td headers="label">diabetis</td>
                    <td headers="stat_0">24 (40%)</td>
                  </tr>
                </tbody>
              </table>
            </table-wrap>
          </fig>
        </sec>
        <sec id="cell-fig-bmi-second-stage-nb-2" specific-use="notebook-content">
          <code language="r script">ggstatsplot::ggbetweenstats(
  data = second_stage_data_raw,
  x = trt,
  y = bmi,
  pairwise.display = "p-value",
  p.adjust.method = "bonferroni",
  var.equal = TRUE,
  title = "BMI by treatment group"
)
  </code>
          <fig id="fig-bmi-second-stage-nb-2">
            <graphic id="fig-bmi-second-stage-nb-2" mimetype="image" mime-subtype="png" xlink:href="clinical_trial_second_stage_files/figure-jats/fig-bmi-second-stage-1.png"/>
          </fig>
        </sec>
      </sec>
    </body>
    <back>
</back>
  </sub-article>
  <!-- (F2ED4C6E)[nb-3]:/Users/rafikmargaryan/Desktop/manuscript-template/notebooks/gantt_chart.qmd -->
</article>
