<?xml version="1.0" encoding="UTF-8"?>
<!DOCTYPE manifest PUBLIC "-//MECA//DTD Manifest v1.0//en" "MECA_manifest.dtd">
<manifest manifest-version="1" xmlns="https://manuscriptexchange.org/schema/manifest" xmlns:xlink="http://www.w3.org/1999/xlink">
  <item item-type="article-metadata">
    <instance media-type="text/xml" xlink:href="index.xml"/>
  </item>
  <item item-type="manuscript">
    <instance media-type="application/pdf" xlink:href="index.pdf"/>
  </item>
  <item item-type="manuscript">
    <instance media-type="application/vnd.openxmlformats-officedocument.wordprocessingml.document" xlink:href="index.docx"/>
  </item>
  <item item-type="manuscript">
    <instance media-type="text/plain" xlink:href="_tex/index.tex"/>
  </item>
  <item item-type="manuscript-supporting-file">
    <instance media-type="image/png" xlink:href="index_files/figure-jats/notebooks-clinical_trial_first_stage-fig-bmi-first-stage-output-1.png"/>
  </item>
  <item item-type="manuscript-supporting-file">
    <instance media-type="image/png" xlink:href="index_files/figure-jats/notebooks-clinical_trial_second_stage-fig-bmi-second-stage-output-1.png"/>
  </item>
  <item item-type="manuscript-supporting-file">
    <instance media-type="image/png" xlink:href="clinical_trial_first_stage_files/figure-jats/fig-bmi-first-stage-1.png"/>
  </item>
  <item item-type="manuscript-supporting-file">
    <instance media-type="image/png" xlink:href="clinical_trial_second_stage_files/figure-jats/fig-bmi-second-stage-1.png"/>
  </item>
  <item item-type="manuscript-supporting-file">
    <instance media-type="image/png" xlink:href="explore-earthquakes_files/figure-jats/fig-spatial-plot-1.png"/>
  </item>
  <item item-type="manuscript-supporting-file">
    <instance media-type="image/png" xlink:href="_tex/index_files/figure-latex/notebooks-clinical_trial_first_stage-fig-bmi-output-1.png"/>
  </item>
  <item item-type="manuscript-supporting-file">
    <instance media-type="image/png" xlink:href="_tex/index_files/figure-latex/notebooks-explore-earthquakes-fig-spatial-plot-output-1.png"/>
  </item>
  <item item-type="manuscript-supporting-file">
    <instance media-type="image/png" xlink:href="_tex/index_files/figure-latex/notebooks-clinical_trial_first_stage-fig-bmi-first-stage-output-1.png"/>
  </item>
  <item item-type="manuscript-supporting-file">
    <instance media-type="image/png" xlink:href="_tex/index_files/figure-latex/notebooks-clinical_trial_second_stage-fig-bmi-second-stage-output-1.png"/>
  </item>
  <item item-type="manuscript-supporting-file">
    <instance media-type="application/octet-stream" xlink:href="_tex/references.bib"/>
  </item>
  <item item-type="manuscript-supporting-file">
    <instance media-type="application/octet-stream" xlink:href="notebooks/clinical_trial_first_stage.qmd"/>
  </item>
  <item item-type="manuscript-supporting-file">
    <instance media-type="application/octet-stream" xlink:href="notebooks/clinical_trial_second_stage.qmd"/>
  </item>
  <item item-type="manuscript-supporting-file">
    <instance media-type="application/octet-stream" xlink:href="notebooks/explore-earthquakes.qmd"/>
  </item>
  <item item-type="manuscript-supporting-file">
    <instance media-type="application/octet-stream" xlink:href="notebooks/gantt_chart.qmd"/>
  </item>
  <item item-type="article-source">
    <instance media-type="application/octet-stream" xlink:href="source/.github/workflows/publish.yml"/>
  </item>
  <item item-type="article-source">
    <instance media-type="application/octet-stream" xlink:href="source/.gitignore"/>
  </item>
  <item item-type="article-source">
    <instance media-type="text/markdown" xlink:href="source/README.md"/>
  </item>
  <item item-type="article-source">
    <instance media-type="application/octet-stream" xlink:href="source/_extensions/quarto-journals/agu/_extension.yml"/>
  </item>
  <item item-type="article-source">
    <instance media-type="application/octet-stream" xlink:href="source/_extensions/quarto-journals/agu/agu.lua"/>
  </item>
  <item item-type="article-source">
    <instance media-type="application/octet-stream" xlink:href="source/_extensions/quarto-journals/agu/agujournal2019.cls"/>
  </item>
  <item item-type="article-source">
    <instance media-type="application/octet-stream" xlink:href="source/_extensions/quarto-journals/agu/american-geophysical-union.csl"/>
  </item>
  <item item-type="article-source">
    <instance media-type="text/plain" xlink:href="source/_extensions/quarto-journals/agu/partials/_affiliations.tex"/>
  </item>
  <item item-type="article-source">
    <instance media-type="text/plain" xlink:href="source/_extensions/quarto-journals/agu/partials/_authors.tex"/>
  </item>
  <item item-type="article-source">
    <instance media-type="text/plain" xlink:href="source/_extensions/quarto-journals/agu/partials/_corresponding-author.tex"/>
  </item>
  <item item-type="article-source">
    <instance media-type="text/plain" xlink:href="source/_extensions/quarto-journals/agu/partials/before-body.tex"/>
  </item>
  <item item-type="article-source">
    <instance media-type="text/plain" xlink:href="source/_extensions/quarto-journals/agu/partials/title.tex"/>
  </item>
  <item item-type="article-source">
    <instance media-type="application/octet-stream" xlink:href="source/_extensions/quarto-journals/agu/trackchanges.sty"/>
  </item>
  <item item-type="article-source">
    <instance media-type="application/json" xlink:href="source/_freeze/index/execute-results/docx.json"/>
  </item>
  <item item-type="article-source">
    <instance media-type="application/json" xlink:href="source/_freeze/index/execute-results/html.json"/>
  </item>
  <item item-type="article-source">
    <instance media-type="application/json" xlink:href="source/_freeze/index/execute-results/tex.json"/>
  </item>
  <item item-type="article-source">
    <instance media-type="application/json" xlink:href="source/_freeze/index/execute-results/xml.json"/>
  </item>
  <item item-type="article-source">
    <instance media-type="image/png" xlink:href="source/_freeze/index/figure-docx/fig-spatial-plot-output-1.png"/>
  </item>
  <item item-type="article-source">
    <instance media-type="image/png" xlink:href="source/_freeze/index/figure-docx/fig-timeline-1.png"/>
  </item>
  <item item-type="article-source">
    <instance media-type="image/png" xlink:href="source/_freeze/index/figure-docx/notebooks-explore-earthquakes-fig-spatial-plot-output-1.png"/>
  </item>
  <item item-type="article-source">
    <instance media-type="image/png" xlink:href="source/_freeze/index/figure-html/fig-spatial-plot-output-1.png"/>
  </item>
  <item item-type="article-source">
    <instance media-type="image/png" xlink:href="source/_freeze/index/figure-html/fig-timeline-1.png"/>
  </item>
  <item item-type="article-source">
    <instance media-type="image/png" xlink:href="source/_freeze/index/figure-html/notebooks-explore-earthquakes-fig-spatial-plot-output-1.png"/>
  </item>
  <item item-type="article-source">
    <instance media-type="image/png" xlink:href="source/_freeze/index/figure-ipynb/fig-spatial-plot-output-1.png"/>
  </item>
  <item item-type="article-source">
    <instance media-type="image/png" xlink:href="source/_freeze/index/figure-ipynb/notebooks-explore-earthquakes-fig-spatial-plot-output-1.png"/>
  </item>
  <item item-type="article-source">
    <instance media-type="image/png" xlink:href="source/_freeze/index/figure-jats/fig-spatial-plot-output-1.png"/>
  </item>
  <item item-type="article-source">
    <instance media-type="image/png" xlink:href="source/_freeze/index/figure-jats/fig-timeline-1.png"/>
  </item>
  <item item-type="article-source">
    <instance media-type="image/png" xlink:href="source/_freeze/index/figure-jats/notebooks-explore-earthquakes-fig-spatial-plot-output-1.png"/>
  </item>
  <item item-type="article-source">
    <instance media-type="image/png" xlink:href="source/_freeze/index/figure-latex/notebooks-explore-earthquakes-fig-spatial-plot-output-1.png"/>
  </item>
  <item item-type="article-source">
    <instance media-type="application/pdf" xlink:href="source/_freeze/index/figure-pdf/fig-timeline-1.pdf"/>
  </item>
  <item item-type="article-source">
    <instance media-type="application/json" xlink:href="source/_freeze/notebooks/clinical_trial_first_second/execute-results/html.json"/>
  </item>
  <item item-type="article-source">
    <instance media-type="application/json" xlink:href="source/_freeze/notebooks/clinical_trial_first_stage/execute-results/html.json"/>
  </item>
  <item item-type="article-source">
    <instance media-type="application/json" xlink:href="source/_freeze/notebooks/clinical_trial_first_stage/execute-results/ipynb.json"/>
  </item>
  <item item-type="article-source">
    <instance media-type="application/json" xlink:href="source/_freeze/notebooks/clinical_trial_first_stage/execute-results/xml.json"/>
  </item>
  <item item-type="article-source">
    <instance media-type="image/png" xlink:href="source/_freeze/notebooks/clinical_trial_first_stage/figure-html/fig-bmi-1.png"/>
  </item>
  <item item-type="article-source">
    <instance media-type="image/png" xlink:href="source/_freeze/notebooks/clinical_trial_first_stage/figure-html/fig-bmi-first-stage-1.png"/>
  </item>
  <item item-type="article-source">
    <instance media-type="image/png" xlink:href="source/_freeze/notebooks/clinical_trial_first_stage/figure-ipynb/fig-bmi-1.png"/>
  </item>
  <item item-type="article-source">
    <instance media-type="image/png" xlink:href="source/_freeze/notebooks/clinical_trial_first_stage/figure-ipynb/fig-bmi-first-stage-1.png"/>
  </item>
  <item item-type="article-source">
    <instance media-type="image/png" xlink:href="source/_freeze/notebooks/clinical_trial_first_stage/figure-jats/fig-bmi-first-stage-1.png"/>
  </item>
  <item item-type="article-source">
    <instance media-type="application/json" xlink:href="source/_freeze/notebooks/clinical_trial_second_stage/execute-results/html.json"/>
  </item>
  <item item-type="article-source">
    <instance media-type="application/json" xlink:href="source/_freeze/notebooks/clinical_trial_second_stage/execute-results/ipynb.json"/>
  </item>
  <item item-type="article-source">
    <instance media-type="application/json" xlink:href="source/_freeze/notebooks/clinical_trial_second_stage/execute-results/xml.json"/>
  </item>
  <item item-type="article-source">
    <instance media-type="image/png" xlink:href="source/_freeze/notebooks/clinical_trial_second_stage/figure-html/fig-bmi-second-stage-1.png"/>
  </item>
  <item item-type="article-source">
    <instance media-type="image/png" xlink:href="source/_freeze/notebooks/clinical_trial_second_stage/figure-ipynb/fig-bmi-second-stage-1.png"/>
  </item>
  <item item-type="article-source">
    <instance media-type="image/png" xlink:href="source/_freeze/notebooks/clinical_trial_second_stage/figure-jats/fig-bmi-second-stage-1.png"/>
  </item>
  <item item-type="article-source">
    <instance media-type="application/json" xlink:href="source/_freeze/notebooks/explore-earthquakes/execute-results/html.json"/>
  </item>
  <item item-type="article-source">
    <instance media-type="application/json" xlink:href="source/_freeze/notebooks/explore-earthquakes/execute-results/ipynb.json"/>
  </item>
  <item item-type="article-source">
    <instance media-type="application/json" xlink:href="source/_freeze/notebooks/explore-earthquakes/execute-results/xml.json"/>
  </item>
  <item item-type="article-source">
    <instance media-type="image/png" xlink:href="source/_freeze/notebooks/explore-earthquakes/figure-html/fig-spatial-plot-1.png"/>
  </item>
  <item item-type="article-source">
    <instance media-type="image/png" xlink:href="source/_freeze/notebooks/explore-earthquakes/figure-ipynb/fig-spatial-plot-1.png"/>
  </item>
  <item item-type="article-source">
    <instance media-type="image/png" xlink:href="source/_freeze/notebooks/explore-earthquakes/figure-jats/fig-spatial-plot-1.png"/>
  </item>
  <item item-type="article-source">
    <instance media-type="application/json" xlink:href="source/_freeze/notebooks/gantt_chart/execute-results/html.json"/>
  </item>
  <item item-type="article-source">
    <instance media-type="image/png" xlink:href="source/_freeze/notebooks/gantt_chart/figure-html/fig-gantt-1.png"/>
  </item>
  <item item-type="article-source">
    <instance media-type="text/css" xlink:href="source/_freeze/site_libs/bootstrap/bootstrap-447b618f5fa9a47870dc35ec43828b74.min.css"/>
  </item>
  <item item-type="article-source">
    <instance media-type="text/css" xlink:href="source/_freeze/site_libs/bootstrap/bootstrap-c73da311dcb4b46904599e04e07723a5.min.css"/>
  </item>
  <item item-type="article-source">
    <instance media-type="text/css" xlink:href="source/_freeze/site_libs/bootstrap/bootstrap-icons.css"/>
  </item>
  <item item-type="article-source">
    <instance media-type="application/font-woff" xlink:href="source/_freeze/site_libs/bootstrap/bootstrap-icons.woff"/>
  </item>
  <item item-type="article-source">
    <instance media-type="text/css" xlink:href="source/_freeze/site_libs/bootstrap/bootstrap.min.css"/>
  </item>
  <item item-type="article-source">
    <instance media-type="application/javascript" xlink:href="source/_freeze/site_libs/bootstrap/bootstrap.min.js"/>
  </item>
  <item item-type="article-source">
    <instance media-type="application/javascript" xlink:href="source/_freeze/site_libs/clipboard/clipboard.min.js"/>
  </item>
  <item item-type="article-source">
    <instance media-type="application/javascript" xlink:href="source/_freeze/site_libs/manuscript-notebook/headroom.min.js"/>
  </item>
  <item item-type="article-source">
    <instance media-type="text/css" xlink:href="source/_freeze/site_libs/quarto-contrib/glightbox/glightbox.min.css"/>
  </item>
  <item item-type="article-source">
    <instance media-type="application/javascript" xlink:href="source/_freeze/site_libs/quarto-contrib/glightbox/glightbox.min.js"/>
  </item>
  <item item-type="article-source">
    <instance media-type="text/css" xlink:href="source/_freeze/site_libs/quarto-contrib/glightbox/lightbox.css"/>
  </item>
  <item item-type="article-source">
    <instance media-type="application/javascript" xlink:href="source/_freeze/site_libs/quarto-html/anchor.min.js"/>
  </item>
  <item item-type="article-source">
    <instance media-type="application/javascript" xlink:href="source/_freeze/site_libs/quarto-html/popper.min.js"/>
  </item>
  <item item-type="article-source">
    <instance media-type="text/css" xlink:href="source/_freeze/site_libs/quarto-html/quarto-syntax-highlighting-226bd0f977fa82dfae4534cac220d79a.css"/>
  </item>
  <item item-type="article-source">
    <instance media-type="text/css" xlink:href="source/_freeze/site_libs/quarto-html/quarto-syntax-highlighting-2f5df379a58b258e96c21c0638c20c03.css"/>
  </item>
  <item item-type="article-source">
    <instance media-type="text/css" xlink:href="source/_freeze/site_libs/quarto-html/quarto-syntax-highlighting.css"/>
  </item>
  <item item-type="article-source">
    <instance media-type="application/javascript" xlink:href="source/_freeze/site_libs/quarto-html/quarto.js"/>
  </item>
  <item item-type="article-source">
    <instance media-type="application/javascript" xlink:href="source/_freeze/site_libs/quarto-html/tabsets/tabsets.js"/>
  </item>
  <item item-type="article-source">
    <instance media-type="text/css" xlink:href="source/_freeze/site_libs/quarto-html/tippy.css"/>
  </item>
  <item item-type="article-source">
    <instance media-type="application/javascript" xlink:href="source/_freeze/site_libs/quarto-html/tippy.umd.min.js"/>
  </item>
  <item item-type="article-source">
    <instance media-type="application/octet-stream" xlink:href="source/_quarto.yml"/>
  </item>
  <item item-type="article-source">
    <instance media-type="application/octet-stream" xlink:href="source/data/data.RData"/>
  </item>
  <item item-type="article-source">
    <instance media-type="image/png" xlink:href="source/images/la-palma-map.png"/>
  </item>
  <item item-type="article-source">
    <instance media-type="application/octet-stream" xlink:href="source/index.qmd"/>
  </item>
  <item item-type="article-source">
    <instance media-type="application/pdf" xlink:href="source/index_files/figure-pdf/fig-timeline-1.pdf"/>
  </item>
  <item item-type="article-source">
    <instance media-type="application/octet-stream" xlink:href="source/manuscript-template-rstudio.Rproj"/>
  </item>
  <item item-type="article-source">
    <instance media-type="application/octet-stream" xlink:href="source/notebooks/clinical_trial_first_stage.qmd"/>
  </item>
  <item item-type="article-source">
    <instance media-type="image/png" xlink:href="source/notebooks/clinical_trial_first_stage_files/figure-ipynb/fig-bmi-1.png"/>
  </item>
  <item item-type="article-source">
    <instance media-type="image/png" xlink:href="source/notebooks/clinical_trial_first_stage_files/figure-ipynb/fig-bmi-first-stage-1.png"/>
  </item>
  <item item-type="article-source">
    <instance media-type="application/octet-stream" xlink:href="source/notebooks/clinical_trial_second_stage.qmd"/>
  </item>
  <item item-type="article-source">
    <instance media-type="application/octet-stream" xlink:href="source/notebooks/download_data.R"/>
  </item>
  <item item-type="article-source">
    <instance media-type="application/octet-stream" xlink:href="source/notebooks/explore-earthquakes.qmd"/>
  </item>
  <item item-type="article-source">
    <instance media-type="application/octet-stream" xlink:href="source/notebooks/gantt_chart.qmd"/>
  </item>
  <item item-type="article-source">
    <instance media-type="application/octet-stream" xlink:href="source/notebooks/la-palma.csv"/>
  </item>
  <item item-type="article-source">
    <instance media-type="application/octet-stream" xlink:href="source/references.bib"/>
  </item>
  <item item-type="article-source-directory">
    <instance media-type="application/x-directory" xlink:href="source"/>
  </item>
</manifest>